City_ID,City,Country,Date,Lat,Lng,Max Temp,Humidity,Cloudiness,Wind Speed
0,Aviles,ES,2021-07-29 23:39:59,43.5547,-5.9248,65.59,88,20,4.61
1,Vestmannaeyjar,IS,2021-07-29 23:38:43,63.4427,-20.2734,55.67,89,85,3.06
2,Kenai,US,2021-07-29 23:40:48,60.5544,-151.2583,60.03,80,90,10.36
3,Popondetta,PG,2021-07-29 23:41:06,-8.7537,148.2534,86.58,60,69,2.28
4,Madimba,TZ,2021-07-29 23:41:06,-10.4,40.3333,68.56,87,2,8.79
5,Castro,BR,2021-07-29 23:39:19,-24.7911,-50.0119,35.28,59,7,2.46
6,Ushuaia,AR,2021-07-29 23:34:47,-54.8,-68.3,42.46,49,40,24.16
7,Kloulklubed,PW,2021-07-29 23:41:07,7.0419,134.2556,81.1,72,99,3.76
8,Ostrovnoy,RU,2021-07-29 23:41:07,68.0531,39.5131,40.96,89,46,5.1
9,Bredasdorp,ZA,2021-07-29 23:38:28,-34.5322,20.0403,51.12,82,3,5.75
10,Port Lincoln,AU,2021-07-29 23:39:41,-34.7333,135.8667,59.47,57,25,20.98
11,Soto La Marina,MX,2021-07-29 23:41:08,23.7667,-98.2167,84.11,72,100,7.58
12,Tuktoyaktuk,CA,2021-07-29 23:37:43,69.4541,-133.0374,57.2,94,75,9.22
13,Arraial Do Cabo,BR,2021-07-29 23:35:02,-22.9661,-42.0278,62.6,55,66,22.1
14,Zhangjiakou,CN,2021-07-29 23:41:09,40.81,114.8794,71.55,73,98,3.62
15,Rio Grande,BR,2021-07-29 23:41:06,-32.035,-52.0986,41.95,70,11,8.55
16,Butaritari,KI,2021-07-29 23:37:49,3.0707,172.7902,83.93,70,13,12.97
17,Port Blair,IN,2021-07-29 23:39:49,11.6667,92.75,81.9,84,100,17.34
18,Ilulissat,GL,2021-07-29 23:40:19,69.2167,-51.1,50.02,76,56,3.44
19,Gogrial,SS,2021-07-29 23:41:10,8.5332,28.1004,72.77,92,100,6.71
20,Bathsheba,BB,2021-07-29 23:35:42,13.2167,-59.5167,81.21,78,20,12.66
21,Kaeo,NZ,2021-07-29 23:41:10,-35.1,173.7833,64.33,83,69,11.88
22,Hilo,US,2021-07-29 23:36:05,19.7297,-155.09,83.93,70,20,9.22
23,Batticaloa,LK,2021-07-29 23:41:11,7.7102,81.6924,79.34,71,98,7.63
24,Puerto Ayora,EC,2021-07-29 23:38:02,-0.7393,-90.3518,72.07,83,43,8.43
25,Jamestown,US,2021-07-29 23:38:41,42.097,-79.2353,76.59,78,75,12.66
26,Yulara,AU,2021-07-29 23:40:14,-25.2406,130.9889,57.04,58,0,5.75
27,Nhulunbuy,AU,2021-07-29 23:41:12,-12.2333,136.7667,77.61,88,5,6.91
28,Mut,TR,2021-07-29 23:41:12,36.6439,33.4389,75.29,31,0,8.68
29,Rikitea,PF,2021-07-29 23:35:26,-23.1203,-134.9692,71.71,75,32,7.27
30,Narsaq,GL,2021-07-29 23:37:40,60.9167,-46.05,52.02,83,82,2.17
31,Genappe,BE,2021-07-29 23:41:13,50.609,4.449,60.82,86,0,1.01
32,Srivardhan,IN,2021-07-29 23:41:13,18.0333,73.0167,80.13,86,100,15.86
33,Albany,US,2021-07-29 23:37:50,42.6001,-73.9662,69.31,99,100,5.7
34,Dikson,RU,2021-07-29 23:38:18,73.5069,80.5464,43.05,82,100,14.7
35,Mataura,NZ,2021-07-29 23:37:49,-46.1927,168.8643,46.47,77,88,4.47
36,Demba,CD,2021-07-29 23:41:15,-5.51,22.2667,68.97,43,11,1.28
37,Ribeira Grande,PT,2021-07-29 23:37:59,38.5167,-28.7,70.66,88,5,10.11
38,Qaanaaq,GL,2021-07-29 23:37:46,77.484,-69.3632,38.93,90,98,6.87
39,Lebu,CL,2021-07-29 23:35:14,-37.6167,-73.65,49.15,85,1,7.58
40,Kirn,DE,2021-07-29 23:41:16,49.7833,7.45,59.45,81,100,3.42
41,Luau,AO,2021-07-29 23:41:16,-10.7073,22.2247,58.24,33,0,5.26
42,Nikolskoye,RU,2021-07-29 23:37:38,59.7035,30.7861,64.29,92,17,5.01
43,Nouadhibou,MR,2021-07-29 23:41:16,20.931,-17.0347,67.98,94,90,16.11
44,Sangmelima,CM,2021-07-29 23:41:17,2.9333,11.9833,67.86,98,92,3.96
45,Makakilo City,US,2021-07-29 23:38:44,21.3469,-158.0858,86.32,53,90,12.66
46,Jalu,LY,2021-07-29 23:40:09,29.0331,21.5482,80.4,56,0,10.87
47,Busselton,AU,2021-07-29 23:37:44,-33.65,115.3333,50.09,74,100,26.37
48,Kharan,PK,2021-07-29 23:41:18,28.5833,65.4167,89.8,13,19,2.46
49,Gwanda,ZW,2021-07-29 23:41:18,-20.9333,29.0,52.97,45,42,3.44
50,Almaznyy,RU,2021-07-29 23:41:18,48.0448,40.045,68.14,66,62,4.76
51,La Romana,DO,2021-07-29 23:40:22,18.4273,-68.9728,84.56,70,20,11.5
52,Juneau,US,2021-07-29 23:37:22,58.3019,-134.4197,73.85,66,40,11.5
53,North Bend,US,2021-07-29 23:39:46,43.4065,-124.2243,99.95,88,1,25.32
54,Saint-Philippe,RE,2021-07-29 23:39:09,-21.3585,55.7679,69.39,84,85,15.3
55,Walvis Bay,NA,2021-07-29 23:37:25,-22.9575,14.5053,55.09,87,0,5.75
56,Port Macquarie,AU,2021-07-29 23:37:56,-31.4333,152.9167,57.88,38,0,4.85
57,Bluff,NZ,2021-07-29 23:38:05,-46.6,168.3333,46.8,73,94,4.94
58,Kruisfontein,ZA,2021-07-29 23:38:56,-34.0033,24.7314,47.88,82,1,6.49
59,Tasiilaq,GL,2021-07-29 23:37:46,65.6145,-37.6368,51.96,73,73,3.09
60,Atuona,PF,2021-07-29 23:38:06,-9.8,-139.0333,76.82,81,41,14.16
61,Palembang,ID,2021-07-29 23:41:20,-2.9167,104.7458,75.29,94,40,4.61
62,Kapaa,US,2021-07-29 23:37:47,22.0752,-159.319,84.52,69,20,5.01
63,Xinzhou,CN,2021-07-29 23:41:21,38.4092,112.7333,72.97,75,1,0.38
64,Urucara,BR,2021-07-29 23:41:21,-2.5364,-57.76,81.54,48,81,4.59
65,Geraldton,AU,2021-07-29 23:38:08,-28.7667,114.6,63.12,82,75,21.85
66,Pevek,RU,2021-07-29 23:37:45,69.7008,170.3133,32.11,98,100,24.43
67,Berlevag,NO,2021-07-29 23:38:38,70.8578,29.0864,44.04,87,100,4.56
68,Adrar,MR,2021-07-29 23:41:22,20.5022,-10.0711,89.53,33,44,16.91
69,Clyde River,CA,2021-07-29 23:39:51,70.4692,-68.5914,41.23,93,75,14.97
70,Hermanus,ZA,2021-07-29 23:37:51,-34.4187,19.2345,51.91,82,10,6.73
71,Mae Sai,TH,2021-07-29 23:41:23,20.4335,99.8762,78.12,99,100,1.45
72,Evensk,RU,2021-07-29 23:38:09,61.95,159.2333,47.98,67,100,9.98
73,Cape Town,ZA,2021-07-29 23:33:53,-33.9258,18.4232,53.1,90,0,4.61
74,Vaini,TO,2021-07-29 23:37:39,-21.2,-175.2,77.16,78,40,9.22
75,Hofn,IS,2021-07-29 23:39:05,64.2539,-15.2082,52.92,90,80,3.8
76,New Norfolk,AU,2021-07-29 23:35:16,-42.7826,147.0587,52.92,74,100,1.99
77,Safaga,EG,2021-07-29 23:41:24,26.7292,33.9365,89.55,34,99,8.03
78,Sayansk,RU,2021-07-29 23:41:24,54.1088,102.1648,52.57,88,100,6.08
79,Longyearbyen,SJ,2021-07-29 23:34:02,78.2186,15.6401,44.44,70,75,1.14
80,Guerrero Negro,MX,2021-07-29 23:39:50,27.9769,-114.0611,76.69,67,8,21.27
81,Mahanoro,MG,2021-07-29 23:41:25,-19.9,48.8,68.23,89,80,4.5
82,Itupiranga,BR,2021-07-29 23:41:25,-5.1347,-49.3267,78.58,51,4,1.39
83,Hambantota,LK,2021-07-29 23:41:25,6.1241,81.1185,79.65,82,51,18.9
84,Chokurdakh,RU,2021-07-29 23:37:47,70.6333,147.9167,48.04,49,93,6.15
85,Mar Del Plata,AR,2021-07-29 23:38:29,-38.0023,-57.5575,52.09,87,0,1.01
86,Cabedelo,BR,2021-07-29 23:41:26,-6.9811,-34.8339,75.87,80,39,13.2
87,Lompoc,US,2021-07-29 23:38:52,34.6391,-120.4579,87.94,73,90,13.8
88,Lucapa,AO,2021-07-29 23:41:27,-8.4192,20.7447,66.27,34,1,4.05
89,Dhidhdhoo,MV,2021-07-29 23:41:27,6.8833,73.1,82.87,72,34,12.01
90,Kashan,IR,2021-07-29 23:41:27,33.9831,51.4364,84.18,33,65,10.51
91,Tabuk,PH,2021-07-29 23:41:28,17.4189,121.4443,77.72,86,100,1.81
92,Lovington,US,2021-07-29 23:41:28,32.944,-103.3485,88.65,36,58,4.0
93,Avarua,CK,2021-07-29 23:37:48,-21.2078,-159.775,78.85,61,75,4.61
94,Christchurch,NZ,2021-07-29 23:37:20,-43.5333,172.6333,57.0,72,36,5.01
95,Qaqortoq,GL,2021-07-29 23:41:29,60.7167,-46.0333,52.3,85,83,1.12
96,East London,ZA,2021-07-29 23:37:51,-33.0153,27.9116,58.23,68,3,7.56
97,Arinos,BR,2021-07-29 23:41:29,-15.9169,-46.1056,66.11,35,1,3.8
98,Ta Khmau,KH,2021-07-29 23:41:29,11.4833,104.95,80.65,78,40,9.22
99,Upernavik,GL,2021-07-29 23:35:10,72.7868,-56.1549,44.96,88,99,3.62
100,Kaitangata,NZ,2021-07-29 23:37:56,-46.2817,169.8464,55.92,74,67,8.59
101,Luderitz,NA,2021-07-29 23:37:44,-26.6481,15.1594,62.69,40,0,7.52
102,Baker City,US,2021-07-29 23:41:30,44.7749,-117.8344,99.16,21,1,10.36
103,Cidreira,BR,2021-07-29 23:37:55,-30.1811,-50.2056,45.68,70,6,8.48
104,San Antonio,US,2021-07-29 23:36:52,29.4241,-98.4936,95.45,60,40,1.99
105,Yar-Sale,RU,2021-07-29 23:39:41,66.8333,70.8333,48.06,96,98,10.09
106,Codrington,AU,2021-07-29 23:37:22,-38.2667,141.9667,50.41,63,49,24.7
107,Xining,CN,2021-07-29 23:41:31,36.6167,101.7667,61.32,43,0,2.3
108,Bambous Virieux,MU,2021-07-29 23:37:52,-20.3428,57.7575,69.22,88,75,14.97
109,Yellowknife,CA,2021-07-29 23:37:20,62.456,-114.3525,72.12,43,75,5.01
110,Belousovka,KZ,2021-07-29 23:41:32,50.1339,82.5239,50.85,93,75,4.47
111,Hithadhoo,MV,2021-07-29 23:38:06,-0.6,73.0833,82.09,72,100,4.16
112,Uniara,IN,2021-07-29 23:41:33,26.15,75.2167,79.2,83,95,12.03
113,Torbay,CA,2021-07-29 23:37:44,47.6666,-52.7314,63.27,67,1,13.8
114,Karratha,AU,2021-07-29 23:39:21,-20.7377,116.8463,68.81,65,12,5.26
115,Ancud,CL,2021-07-29 23:38:36,-41.8697,-73.8203,44.13,86,90,8.77
116,Shalya,RU,2021-07-29 23:41:34,57.2471,58.7298,53.65,98,90,3.33
117,San Vicente,AR,2021-07-29 23:41:34,-26.6167,-54.1333,33.82,74,0,2.8
118,Bayir,TR,2021-07-29 23:37:53,37.2687,28.2167,79.32,32,0,4.97
119,Constitucion,CL,2021-07-29 23:38:42,-35.3333,-72.4167,51.58,75,0,2.91
120,Half Moon Bay,US,2021-07-29 23:41:35,37.4636,-122.4286,97.75,64,40,13.8
121,San Luis Potosi,MX,2021-07-29 23:41:35,22.5,-100.5,79.34,49,97,18.81
122,Darhan,MN,2021-07-29 23:39:55,49.4867,105.9228,58.89,88,98,11.12
123,Emerald,AU,2021-07-29 23:41:35,-23.5333,148.1667,65.34,42,0,12.66
124,Nanortalik,GL,2021-07-29 23:38:02,60.1432,-45.2371,45.7,84,94,16.84
125,Strezhevoy,RU,2021-07-29 23:41:36,60.7333,77.5889,49.98,95,100,6.6
126,Georgetown,MY,2021-07-29 23:38:32,5.4112,100.3354,77.9,92,20,3.44
127,Aykhal,RU,2021-07-29 23:35:54,66.0,111.5,72.07,32,34,6.55
128,Faanui,PF,2021-07-29 23:37:53,-16.4833,-151.75,78.49,75,62,10.47
129,Nelson Bay,AU,2021-07-29 23:41:37,-32.7167,152.15,54.95,70,0,4.97
130,Huanan,CN,2021-07-29 23:41:37,46.2167,130.5167,71.6,93,100,3.6
131,Hobart,AU,2021-07-29 23:37:56,-42.8794,147.3294,53.26,69,75,1.99
132,Ahipara,NZ,2021-07-29 23:38:27,-35.1667,173.1667,62.26,75,95,15.08
133,Krasnoarmeysk,RU,2021-07-29 23:41:38,51.0239,45.6969,71.29,79,42,9.17
134,Leningradskiy,RU,2021-07-29 23:38:46,69.3833,178.4167,32.63,97,100,20.33
135,Husavik,IS,2021-07-29 23:41:38,66.0449,-17.3389,51.71,94,86,2.42
136,Muli,MV,2021-07-29 23:38:43,2.9167,73.5667,81.54,74,83,8.68
137,Nemuro,JP,2021-07-29 23:41:39,43.3236,145.575,67.8,96,92,9.44
138,Moju,BR,2021-07-29 23:41:39,-1.8839,-48.7689,77.07,94,81,3.4
139,Watertown,US,2021-07-29 23:41:40,42.3709,-71.1828,70.86,84,90,1.01
140,Port Alfred,ZA,2021-07-29 23:35:30,-33.5906,26.891,55.96,86,2,10.22
141,Tigil,RU,2021-07-29 23:41:40,57.8,158.6667,56.55,57,92,11.45
142,Agua Verde,MX,2021-07-29 23:41:41,22.9,-106.05,90.03,68,6,7.7
143,Sao Joao Dos Patos,BR,2021-07-29 23:41:41,-6.495,-43.7022,79.18,40,28,2.86
144,Goryachegorsk,RU,2021-07-29 23:41:41,55.4053,88.9154,56.05,79,100,3.02
145,Luan,CH,2021-07-29 23:41:42,46.3592,6.9759,61.92,92,30,4.0
146,Kodiak,US,2021-07-29 23:34:19,57.79,-152.4072,56.71,72,90,8.05
147,Hasaki,JP,2021-07-29 23:39:01,35.7333,140.8333,81.0,80,37,8.9
148,Mahebourg,MU,2021-07-29 23:35:19,-20.4081,57.7,69.26,88,75,14.97
149,Derzhavinsk,KZ,2021-07-29 23:40:10,51.1,66.3167,54.77,56,1,2.82
150,Marovoay,MG,2021-07-29 23:39:26,-16.1,46.6333,73.54,63,63,8.48
151,Saskylakh,RU,2021-07-29 23:39:44,71.9167,114.0833,78.69,43,10,5.37
152,Pacific Grove,US,2021-07-29 23:41:43,36.6177,-121.9166,94.15,79,1,8.99
153,Port Hardy,CA,2021-07-29 23:38:32,50.6996,-127.4199,69.98,73,75,10.36
154,Punta Arenas,CL,2021-07-29 23:35:08,-53.15,-70.9167,39.31,81,0,20.71
155,Santa Maria,BR,2021-07-29 23:40:31,-29.6842,-53.8069,40.3,87,0,1.14
156,Dingle,PH,2021-07-29 23:38:50,10.9995,122.6711,83.44,77,95,11.61
157,Iqaluit,CA,2021-07-29 23:38:01,63.7506,-68.5145,51.53,71,75,11.5
158,Mount Isa,AU,2021-07-29 23:38:45,-20.7333,139.5,73.17,31,1,0.0
159,Rocha,UY,2021-07-29 23:36:04,-34.4833,-54.3333,39.9,84,12,4.79
160,Tiksi,RU,2021-07-29 23:37:58,71.6872,128.8694,55.62,49,80,2.71
161,Labuhan,ID,2021-07-29 23:39:06,-6.8844,112.2051,77.77,81,96,7.65
162,Mandiana,GN,2021-07-29 23:41:45,10.6333,-8.6833,71.89,90,92,5.77
163,Vao,NC,2021-07-29 23:41:45,-22.6667,167.4833,71.6,62,70,12.24
164,Tazovskiy,RU,2021-07-29 23:41:46,67.4667,78.7,51.55,95,24,11.65
165,Omboue,GA,2021-07-29 23:41:46,-1.5746,9.2618,74.19,81,30,7.56
166,Buraydah,SA,2021-07-29 23:36:52,26.326,43.975,90.05,16,98,7.99
167,Puerto Quijarro,BO,2021-07-29 23:41:47,-17.7833,-57.7667,56.75,24,2,3.89
168,Klyuchi,RU,2021-07-29 23:41:47,52.2667,79.1667,55.44,66,55,6.13
169,Chicama,PE,2021-07-29 23:41:48,-7.8447,-79.1469,63.14,82,21,6.26
170,Gwadar,PK,2021-07-29 23:41:48,25.1216,62.3254,81.73,87,100,7.43
171,Port Elizabeth,ZA,2021-07-29 23:38:00,-33.918,25.5701,52.09,87,0,5.75
172,Lamu,KE,2021-07-29 23:41:49,-2.2717,40.902,75.42,79,75,15.9
173,Bengkulu,ID,2021-07-29 23:37:48,-3.8004,102.2655,75.06,89,33,4.94
174,Paamiut,GL,2021-07-29 23:41:49,61.994,-49.6678,45.23,83,79,2.08
175,Caravelas,BR,2021-07-29 23:40:50,-17.7125,-39.2481,70.25,78,100,15.05
176,Floro,NO,2021-07-29 23:41:50,61.5996,5.0328,60.96,94,75,6.91
177,Zhigansk,RU,2021-07-29 23:41:50,66.7697,123.3711,65.25,43,6,6.02
178,Bilma,NE,2021-07-29 23:41:50,18.6853,12.9164,94.86,26,6,8.7
179,Neyshabur,IR,2021-07-29 23:41:51,36.2133,58.7958,72.27,55,0,1.7
180,Kavieng,PG,2021-07-29 23:36:34,-2.5744,150.7967,84.43,70,47,6.46
181,Saldanha,ZA,2021-07-29 23:37:41,-33.0117,17.9442,44.65,86,0,4.85
182,Puerto Leguizamo,CO,2021-07-29 23:41:51,-0.1934,-74.7819,71.65,98,78,2.62
183,Ngara,TZ,2021-07-29 23:41:52,-2.5122,30.6558,59.0,48,49,2.93
184,Chuy,UY,2021-07-29 23:38:13,-33.6971,-53.4616,42.37,80,58,6.22
185,Kailua,US,2021-07-29 23:38:10,21.4022,-157.7394,87.78,66,75,14.97
186,Paragominas,BR,2021-07-29 23:41:53,-2.9667,-47.4833,75.4,83,63,3.6
187,Barrow,US,2021-07-29 23:38:37,71.2906,-156.7887,53.62,87,90,5.75
188,Barbastro,ES,2021-07-29 23:41:53,42.0356,0.1269,73.94,60,0,2.8
189,Boyolangu,ID,2021-07-29 23:41:54,-8.1181,111.8935,76.32,87,80,4.45
190,Comodoro Rivadavia,AR,2021-07-29 23:38:53,-45.8667,-67.5,62.46,22,0,9.22
191,Bida,NG,2021-07-29 23:41:54,9.0833,6.0167,75.13,88,95,3.15
192,Dunhua,CN,2021-07-29 23:41:55,43.3725,128.2425,71.2,96,100,0.87
193,Mehamn,NO,2021-07-29 23:41:55,71.0357,27.8492,43.77,85,100,3.98
194,Ambon,ID,2021-07-29 23:37:40,-3.6954,128.1814,75.34,94,40,7.65
195,Great Falls,US,2021-07-29 23:41:38,47.5002,-111.3008,90.79,24,20,4.0
196,Bar Harbor,US,2021-07-29 23:41:02,44.3876,-68.2039,63.09,86,90,11.01
197,Verkhnyaya Inta,RU,2021-07-29 23:39:55,65.9811,60.3094,45.73,87,88,3.78
198,Loreto,MX,2021-07-29 23:41:56,22.2667,-101.9667,72.32,44,93,10.36
199,Norman Wells,CA,2021-07-29 23:35:29,65.282,-126.8329,68.04,64,75,3.44
200,Adrian,US,2021-07-29 23:41:11,41.8975,-84.0372,85.71,67,1,5.99
201,Sitka,US,2021-07-29 23:38:44,57.0531,-135.33,67.89,60,20,6.91
202,Bonthe,SL,2021-07-29 23:41:57,7.5264,-12.505,76.53,80,70,5.3
203,Dimapur,IN,2021-07-29 23:41:57,25.9,93.7333,76.59,98,100,2.37
204,Winnemucca,US,2021-07-29 23:39:17,40.973,-117.7357,98.65,12,1,12.66
205,Minot,US,2021-07-29 23:40:52,48.2325,-101.2963,86.77,26,1,6.91
206,Hualmay,PE,2021-07-29 23:37:27,-11.0964,-77.6139,63.61,85,47,8.25
207,Marienburg,PL,2021-07-29 23:41:58,54.0359,19.0266,65.88,73,46,8.34
208,Sao Jose Da Coroa Grande,BR,2021-07-29 23:41:59,-8.8978,-35.1478,74.44,85,63,6.89
209,Kununurra,AU,2021-07-29 23:38:00,-15.7667,128.7333,69.78,83,3,0.0
210,Sur,OM,2021-07-29 23:38:41,22.5667,59.5289,91.44,51,100,16.28
211,Durusu,TR,2021-07-29 23:41:59,41.3053,28.6767,77.18,70,0,1.99
212,Chunskiy,RU,2021-07-29 23:42:00,56.0815,99.6342,55.53,82,100,4.92
213,Atar,MR,2021-07-29 23:42:00,20.5169,-13.0499,88.45,34,86,10.87
214,Synya,RU,2021-07-29 23:39:36,65.3718,58.0387,40.73,97,19,1.92
215,Kysyl-Syr,RU,2021-07-29 23:42:00,63.8986,122.7617,68.32,40,61,0.92
216,Dasoguz,TM,2021-07-29 23:42:01,41.8363,59.9666,69.75,43,0,6.91
217,Pemangkat,ID,2021-07-29 23:40:45,1.1667,108.9667,79.7,87,99,8.05
218,Lata,PT,2021-07-29 23:42:01,40.1629,-8.3327,60.06,98,6,1.83
219,Yurty,RU,2021-07-29 23:42:02,56.0498,97.6348,56.77,84,98,4.5
220,Meulaboh,ID,2021-07-29 23:42:02,4.1363,96.1285,75.51,84,100,3.42
221,Barbacoas,CO,2021-07-29 23:42:03,1.6715,-78.1398,75.4,96,79,2.24
222,Hamina,FI,2021-07-29 23:42:03,60.5697,27.1979,61.88,84,3,16.51
223,Airai,TL,2021-07-29 23:40:27,-8.9266,125.4092,68.45,44,37,3.18
224,Finnsnes,NO,2021-07-29 23:42:04,69.2296,17.9811,48.16,84,78,4.36
225,Karasburg,NA,2021-07-29 23:42:04,-28.0167,18.75,49.91,32,0,8.57
226,Ekibastuz,KZ,2021-07-29 23:42:05,51.6667,75.3667,58.23,51,13,4.74
227,Carnarvon,AU,2021-07-29 23:35:22,-24.8667,113.6333,64.47,72,90,9.22
228,Tautira,PF,2021-07-29 23:39:08,-17.7333,-149.15,80.62,77,52,2.82
229,Jacksonville,US,2021-07-29 23:41:48,30.3322,-81.6556,86.0,78,75,1.01
230,Shurugwi,ZW,2021-07-29 23:42:05,-19.6702,30.0059,46.8,58,2,2.08
231,Dunedin,NZ,2021-07-29 23:33:49,-45.8742,170.5036,48.79,90,84,8.99
232,Shasta Lake,US,2021-07-29 23:42:06,40.6804,-122.3708,108.82,17,8,4.0
233,Mragowo,PL,2021-07-29 23:42:06,53.8644,21.3051,59.0,81,54,7.2
234,Ca Mau,VN,2021-07-29 23:42:07,9.1769,105.15,76.55,92,99,12.46
235,Thompson,CA,2021-07-29 23:35:23,55.7435,-97.8558,77.16,36,40,5.75
236,Ambilobe,MG,2021-07-29 23:42:08,-13.2,49.05,63.37,91,2,3.6
237,Nacozari,MX,2021-07-29 23:42:08,25.3366,-108.2574,96.12,64,21,14.34
238,Puerto Escondido,MX,2021-07-29 23:39:34,15.85,-97.0667,79.63,69,90,4.61
239,Flin Flon,CA,2021-07-29 23:35:58,54.7682,-101.865,78.64,44,40,3.44
240,Gamba,GA,2021-07-29 23:37:51,-2.65,10.0,73.72,84,66,8.32
241,Sao Geraldo Do Araguaia,BR,2021-07-29 23:42:09,-6.4006,-48.555,81.16,32,1,2.55
242,Cabo San Lucas,MX,2021-07-29 23:36:26,22.8909,-109.9124,95.5,69,20,4.0
243,Anadyr,RU,2021-07-29 23:42:09,64.75,177.4833,39.7,93,75,17.0
244,Kupang,ID,2021-07-29 23:42:10,-10.1667,123.5833,79.38,73,9,9.69
245,Cockburn Town,TC,2021-07-29 23:38:39,21.4612,-71.1419,84.16,65,40,11.5
246,Shepsi,RU,2021-07-29 23:42:10,44.0361,39.1489,73.29,71,0,4.47
247,Belmonte,BR,2021-07-29 23:42:11,-15.8631,-38.8828,73.9,89,13,14.81
248,Pangody,RU,2021-07-29 23:42:11,65.85,74.4859,51.26,83,96,13.47
249,Katsuura,JP,2021-07-29 23:39:32,35.1333,140.3,86.14,83,39,8.08
250,Kapuskasing,CA,2021-07-29 23:42:12,49.4169,-82.4331,53.69,87,90,6.91
251,Caluquembe,AO,2021-07-29 23:42:12,-13.7833,14.6833,53.73,28,0,2.24
252,Arroyo,ES,2021-07-29 23:42:13,41.6096,-4.7969,68.04,42,0,10.36
253,Sakakah,SA,2021-07-29 23:42:13,29.9697,40.2064,89.17,30,0,14.94
254,Bandarbeyla,SO,2021-07-29 23:38:57,9.4942,50.8122,77.22,75,100,29.86
255,Mount Gambier,AU,2021-07-29 23:39:03,-37.8333,140.7667,53.51,50,90,20.71
256,Hirara,JP,2021-07-29 23:42:14,24.8,125.2833,84.47,94,75,4.61
257,Provideniya,RU,2021-07-29 23:38:41,64.3833,-173.3,51.91,76,75,13.42
258,Piacabucu,BR,2021-07-29 23:42:14,-10.4056,-36.4344,72.64,87,4,6.29
259,Leh,IN,2021-07-29 23:38:49,34.1667,77.5833,62.2,62,77,4.52
260,Nyrob,RU,2021-07-29 23:42:15,60.733,56.7202,50.74,96,100,3.36
261,Shu,KZ,2021-07-29 23:42:15,43.5983,73.7614,74.19,23,84,21.94
262,Finschhafen,PG,2021-07-29 23:42:16,-6.6024,147.8681,82.71,74,92,7.49
263,Islahiye,TR,2021-07-29 23:42:16,37.025,36.6306,76.78,50,0,5.48
264,Hastings,GB,2021-07-29 23:42:17,50.8552,0.5729,62.2,84,65,8.81
265,Todos Santos,MX,2021-07-29 23:42:17,23.45,-110.2167,95.0,89,56,3.38
266,Pathein,MM,2021-07-29 23:42:18,16.7833,94.7333,79.0,91,91,7.45
267,Kangaatsiaq,GL,2021-07-29 23:42:18,68.3065,-53.4641,44.6,86,75,8.93
268,Bibiani,GH,2021-07-29 23:42:18,6.4635,-2.3194,69.15,96,59,2.26
269,Yanam,IN,2021-07-29 23:42:19,16.7333,82.2167,79.52,76,100,8.81
270,Myanaung,MM,2021-07-29 23:42:19,18.2833,95.3167,77.88,91,81,7.4
271,Mponela,MW,2021-07-29 23:42:20,-13.5319,33.7401,56.1,73,1,8.23
272,Pisco,PE,2021-07-29 23:34:56,-13.7,-76.2167,63.01,82,90,13.8
273,Terra Nova,BR,2021-07-29 23:42:20,-12.3667,-40.6667,77.58,50,1,4.09
274,Mudgee,AU,2021-07-29 23:42:21,-32.5943,149.5871,32.05,100,40,3.44
275,Nuuk,GL,2021-07-29 23:40:37,64.1835,-51.7216,50.61,76,9,9.22
276,Beringovskiy,RU,2021-07-29 23:40:03,63.05,179.3167,42.73,87,90,10.16
277,Grindavik,IS,2021-07-29 23:38:47,63.8424,-22.4338,57.56,88,0,5.75
278,Huancabamba,PE,2021-07-29 23:42:22,-5.2386,-79.4506,57.63,90,89,5.91
279,Balabac,PH,2021-07-29 23:40:23,7.9868,117.0645,84.54,73,100,12.41
280,Sao Filipe,CV,2021-07-29 23:38:20,14.8961,-24.4956,75.63,76,97,5.57
281,Vila Velha,BR,2021-07-29 23:38:03,-20.3297,-40.2925,67.95,64,75,16.11
282,Cherskiy,RU,2021-07-29 23:38:45,68.75,161.3,37.33,66,99,20.22
283,Faya,SA,2021-07-29 23:42:22,18.3851,42.4509,68.11,65,59,4.85
284,Sisimiut,GL,2021-07-29 23:40:10,66.9395,-53.6735,49.73,71,90,4.65
285,Atambua,ID,2021-07-29 23:42:23,-9.1061,124.8925,77.07,62,33,2.55
286,Sobolevo,RU,2021-07-29 23:42:23,54.4299,31.8996,63.97,97,100,3.29
287,Naze,JP,2021-07-29 23:40:27,28.3667,129.4833,81.52,79,9,2.86
288,Ucluelet,CA,2021-07-29 23:38:24,48.9329,-125.5528,96.04,74,21,1.99
289,Ngorongoro,TZ,2021-07-29 23:42:24,-3.2397,35.4875,46.24,92,52,6.51
290,Havelock,US,2021-07-29 23:42:25,34.8791,-76.9013,83.05,83,1,4.0
291,Coihaique,CL,2021-07-29 23:37:25,-45.5752,-72.0662,46.35,66,90,5.75
292,Maxixe,MZ,2021-07-29 23:42:25,-23.8597,35.3472,63.45,76,0,4.34
293,Marsaxlokk,MT,2021-07-29 23:42:26,35.8419,14.5431,83.08,34,0,2.3
294,Khatanga,RU,2021-07-29 23:35:53,71.9667,102.5,75.69,58,1,13.02
295,Oranjemund,NA,2021-07-29 23:42:26,-28.55,16.4333,54.72,65,0,6.69
296,Severo-Yeniseyskiy,RU,2021-07-29 23:42:27,60.3725,93.0408,52.0,92,100,1.59
297,Broken Hill,AU,2021-07-29 23:42:27,-31.95,141.4333,53.31,43,90,13.8
298,Itanagar,IN,2021-07-29 23:42:28,27.1,93.6167,75.0,98,100,0.49
299,Meadow Lake,US,2021-07-29 23:42:28,34.8014,-106.5436,91.81,26,50,15.66
300,Alofi,NU,2021-07-29 23:40:44,-19.0595,-169.9187,78.69,73,75,17.27
301,Komsomolskiy,UZ,2021-07-29 23:38:31,40.4272,71.7189,74.62,25,63,6.42
302,San Patricio,US,2021-07-29 23:38:54,28.017,-97.5169,93.29,53,70,13.8
303,Sulangan,PH,2021-07-29 23:42:29,11.1373,123.7228,83.71,71,88,7.27
304,Makokou,GA,2021-07-29 23:42:30,0.5738,12.8642,73.0,74,88,3.36
305,Mazagao,BR,2021-07-29 23:42:30,-0.115,-51.2894,82.45,91,67,1.48
306,Wanning,CN,2021-07-29 23:42:30,18.8003,110.3967,83.32,79,99,7.83
307,Hami,CN,2021-07-29 23:40:25,42.8,93.45,89.38,19,0,5.01
308,Bhadra,IN,2021-07-29 23:42:31,29.1167,75.1667,82.51,78,81,5.93
309,Kushiro,JP,2021-07-29 23:42:31,42.975,144.3747,70.75,100,90,5.75
310,Praia,CV,2021-07-29 23:42:32,14.9215,-23.5087,77.54,73,40,10.36
311,Champawat,IN,2021-07-29 23:42:32,29.3333,80.1,63.0,98,99,2.82
312,Adeje,ES,2021-07-29 23:42:33,28.1227,-16.726,72.01,80,20,11.5
313,Lavrentiya,RU,2021-07-29 23:38:24,65.5833,-171.0,47.34,83,74,11.86
314,Mlada Boleslav,CZ,2021-07-29 23:42:33,50.4114,14.9032,64.45,80,5,1.68
315,Chapais,CA,2021-07-29 23:42:34,49.7834,-74.8492,58.78,96,79,10.42
316,Ixtapa,MX,2021-07-29 23:39:50,20.7,-105.2,88.23,74,75,9.22
317,Salalah,OM,2021-07-29 23:38:16,17.0151,54.0924,77.09,94,90,12.66
318,Mikhaylov,RU,2021-07-29 23:42:34,54.2292,39.0186,66.18,78,63,5.68
319,Nishihara,JP,2021-07-29 23:42:35,26.1842,127.7558,83.48,84,20,6.91
320,Teguise,ES,2021-07-29 23:42:35,29.0605,-13.564,68.22,78,20,18.41
321,Wanaka,NZ,2021-07-29 23:39:31,-44.7,169.15,46.11,99,100,1.01
322,Saint George,US,2021-07-29 23:37:48,37.1041,-113.5841,100.99,19,1,6.91
323,Wahpeton,US,2021-07-29 23:42:36,46.2652,-96.6059,81.77,44,1,11.5
324,Maceio,BR,2021-07-29 23:42:36,-9.6658,-35.7353,71.04,100,0,4.61
325,Awjilah,LY,2021-07-29 23:42:37,29.1081,21.2869,80.17,60,0,12.19
326,Mangaratiba,BR,2021-07-29 23:42:37,-22.9597,-44.0406,62.02,70,84,8.28
327,Varena,LT,2021-07-29 23:42:37,54.2167,24.5667,63.48,92,33,5.5
328,Sao Joao Da Barra,BR,2021-07-29 23:38:09,-21.6403,-41.0511,61.2,58,12,21.99
329,San Policarpo,PH,2021-07-29 23:42:38,12.1791,125.5072,84.2,72,100,5.82
330,Leua,SK,2021-07-29 23:42:38,48.2156,18.6071,70.5,61,0,4.09
331,Acarau,BR,2021-07-29 23:37:53,-2.8856,-40.12,78.06,86,65,10.18
332,Itarema,BR,2021-07-29 23:37:43,-2.9248,-39.9167,78.37,85,65,10.74
333,Neuquen,AR,2021-07-29 23:39:17,-38.9516,-68.0591,51.69,54,0,0.0
334,Sirohi,IN,2021-07-29 23:42:39,24.8833,72.8667,77.4,86,100,12.77
335,Rena,NO,2021-07-29 23:42:40,61.1348,11.3641,54.82,97,100,5.53
336,Tingi,TZ,2021-07-29 23:42:40,-11.3,35.0333,53.91,74,4,2.08
337,Birao,CF,2021-07-29 23:40:02,10.2849,22.7882,72.54,91,92,3.29
338,Vila Franca Do Campo,PT,2021-07-29 23:38:02,37.7167,-25.4333,72.01,88,42,4.92
339,Raudeberg,NO,2021-07-29 23:42:41,61.9875,5.1352,59.86,94,99,10.78
340,Taman,RU,2021-07-29 23:42:41,45.2117,36.7161,64.72,69,1,5.44
341,Mattru,SL,2021-07-29 23:42:42,7.6244,-11.8332,72.45,90,58,1.97
342,Levelland,US,2021-07-29 23:42:42,33.5873,-102.378,90.95,32,52,9.17
343,Januaria,BR,2021-07-29 23:42:43,-15.4833,-44.3667,70.7,41,3,5.08
344,Zonguldak,TR,2021-07-29 23:42:43,41.25,31.8333,61.52,63,0,4.03
345,Samarai,PG,2021-07-29 23:40:08,-10.6167,150.6667,80.28,82,52,11.43
346,Souillac,MU,2021-07-29 23:35:46,-20.5167,57.5167,69.37,88,75,14.97
347,De Aar,ZA,2021-07-29 23:42:44,-30.6497,24.0123,40.84,43,0,1.45
348,Shache,CN,2021-07-29 23:42:44,38.4167,77.2406,83.44,26,75,27.98
349,Esperance,AU,2021-07-29 23:38:18,-33.8667,121.9,51.64,72,93,23.13
350,Saint-Georges,GD,2021-07-29 23:39:49,12.0564,-61.7485,80.28,83,20,11.5
351,Kefamenanu,ID,2021-07-29 23:42:45,-9.4467,124.4781,75.74,64,7,3.47
352,Candelaria,PH,2021-07-29 23:42:45,13.9311,121.4233,80.38,74,97,5.41
353,Innisfail,AU,2021-07-29 23:42:46,-17.5333,146.0333,75.11,52,50,2.89
354,Hamilton,US,2021-07-29 23:33:58,39.1834,-84.5333,85.98,81,75,1.99
355,Ler,SS,2021-07-29 23:42:47,8.3018,30.1418,70.48,97,99,4.0
356,Worland,US,2021-07-29 23:42:47,44.0169,-107.9554,89.89,37,1,5.75
357,Petaluma,US,2021-07-29 23:42:47,38.2324,-122.6367,104.16,44,1,5.01
358,Asau,RO,2021-07-29 23:37:39,46.4333,26.4,68.76,92,0,3.98
359,Aswan,EG,2021-07-29 23:42:48,24.0934,32.907,88.9,22,0,9.22
360,Cayenne,GF,2021-07-29 23:38:58,4.9333,-52.3333,80.1,85,0,3.44
361,Magadan,RU,2021-07-29 23:42:48,59.5667,150.8,54.81,51,2,8.12
362,Parrita,CR,2021-07-29 23:42:49,9.5201,-84.3225,84.81,83,55,2.66
363,Huejuquilla El Alto,MX,2021-07-29 23:42:49,22.6,-103.8667,75.56,46,60,2.64
364,Vanimo,PG,2021-07-29 23:39:12,-2.6741,141.3028,81.95,81,66,3.89
365,Lithakia,GR,2021-07-29 23:42:50,37.7167,20.8333,83.59,67,1,5.19
366,Le Port,RE,2021-07-29 23:42:50,-20.9373,55.2919,69.8,77,49,7.52
367,Nome,US,2021-07-29 23:37:10,64.5011,-165.4064,50.16,93,90,10.36
368,Gat,IL,2021-07-29 23:40:02,31.61,34.7642,81.39,78,0,5.1
369,Coro,VE,2021-07-29 23:42:51,11.4045,-69.6734,83.05,69,29,19.15
370,Dondo,MZ,2021-07-29 23:42:51,-19.6094,34.7431,62.11,90,6,2.42
371,Olafsvik,IS,2021-07-29 23:42:52,64.8945,-23.7142,53.37,86,93,6.2
372,Hartland,US,2021-07-29 23:42:52,43.105,-88.342,78.8,78,75,1.99
373,Brunsbuttel,DE,2021-07-29 23:42:52,53.9,9.15,61.11,79,14,5.01
374,Maniitsoq,GL,2021-07-29 23:39:57,65.4167,-52.9,47.32,73,46,11.48
375,Tabou,CI,2021-07-29 23:42:53,4.423,-7.3528,75.9,85,88,5.5
376,Thunder Bay,CA,2021-07-29 23:40:07,48.4001,-89.3168,73.29,40,20,10.36
377,Paslek,PL,2021-07-29 23:42:53,54.0616,19.6593,65.55,80,47,8.14
378,Abu Samrah,SY,2021-07-29 23:42:54,35.3029,37.1841,76.32,50,0,8.88
379,Mugur-Aksy,RU,2021-07-29 23:42:54,50.35,90.5,51.66,69,100,3.83
380,Katherine,AU,2021-07-29 23:42:55,-14.4667,132.2667,73.72,64,5,0.0
381,Tessalit,ML,2021-07-29 23:39:57,20.1986,1.0114,88.41,36,99,4.63
382,The Valley,AI,2021-07-29 23:42:55,18.217,-63.0578,82.26,78,75,16.11
383,Taoudenni,ML,2021-07-29 23:37:57,22.6783,-3.9836,97.12,28,53,13.04
384,Roald,NO,2021-07-29 23:38:30,62.5833,6.1333,61.9,94,75,13.8
385,Ayan,RU,2021-07-29 23:42:56,56.45,138.1667,54.07,90,100,26.62
386,Marsabit,KE,2021-07-29 23:42:57,2.3284,37.9899,60.06,71,68,21.99
387,Havre-Saint-Pierre,CA,2021-07-29 23:40:31,50.2334,-63.5986,61.16,67,75,8.05
388,Ola,RU,2021-07-29 23:42:57,59.5833,151.2833,55.94,49,1,10.29
389,Bridlington,GB,2021-07-29 23:42:58,54.0831,-0.1919,59.02,87,83,11.45
390,Lorengau,PG,2021-07-29 23:38:27,-2.0226,147.2712,84.63,71,32,4.61
391,Tabas,IR,2021-07-29 23:42:58,33.5959,56.9244,82.62,26,0,4.85
392,Seoul,KR,2021-07-29 23:39:15,37.5683,126.9778,82.81,69,75,2.3
393,Ha Giang,VN,2021-07-29 23:42:59,22.8333,104.9833,80.22,94,87,1.92
394,Te Anau,NZ,2021-07-29 23:38:31,-45.4167,167.7167,50.49,80,100,0.94
395,College,US,2021-07-29 23:43:00,64.8569,-147.8028,69.75,60,75,4.61
396,Shenjiamen,CN,2021-07-29 23:43:00,29.9576,122.298,80.13,88,93,5.88
397,Lagoa,PT,2021-07-29 23:43:00,39.05,-27.9833,69.89,89,4,9.04
398,Karacabey,TR,2021-07-29 23:43:01,40.2152,28.4038,77.38,57,0,1.39
399,Dakar,SN,2021-07-29 23:38:21,14.6937,-17.4441,83.28,83,40,4.61
400,Teya,RU,2021-07-29 23:43:01,60.3778,92.6267,54.64,94,100,1.34
401,Imbituba,BR,2021-07-29 23:43:02,-28.24,-48.6703,49.82,65,0,8.19
402,Pop,UZ,2021-07-29 23:43:02,40.8736,71.1089,75.69,27,28,3.85
403,Saint-Pierre,RE,2021-07-29 23:37:16,-21.3393,55.4781,69.48,76,75,20.71
404,Portoferraio,IT,2021-07-29 23:43:03,42.8115,10.3146,77.09,76,0,4.05
405,Troitskoye,RU,2021-07-29 23:43:03,52.9821,84.6757,58.5,65,82,3.33
406,Hue,VN,2021-07-29 23:43:04,16.4667,107.6,84.31,70,20,1.14
407,Batagay,RU,2021-07-29 23:40:11,67.6333,134.6333,62.83,40,38,1.68
408,Praya,CV,2021-07-29 23:42:32,14.9215,-23.5087,77.54,73,40,10.36
409,Lasa,IT,2021-07-29 23:39:23,46.6166,10.7002,65.28,93,5,1.97
410,Icara,BR,2021-07-29 23:43:04,-28.7133,-49.3,41.76,70,0,4.65
411,Santa Maria Del Oro,MX,2021-07-29 23:43:05,25.9333,-105.3667,74.05,47,78,21.16
412,Kajiado,KE,2021-07-29 23:43:05,-1.8524,36.7768,57.92,94,76,5.79
413,Neiafu,TO,2021-07-29 23:43:06,-18.65,-173.9833,81.28,69,40,12.66
414,Tarboro,US,2021-07-29 23:43:06,35.8968,-77.5358,89.73,70,1,5.75
415,Namibe,AO,2021-07-29 23:39:19,-15.1961,12.1522,64.09,80,15,1.19
416,Talnakh,RU,2021-07-29 23:39:08,69.4865,88.3972,61.09,75,99,4.18
417,Pombia,IT,2021-07-29 23:43:07,45.653,8.6336,74.12,81,0,5.75
418,Monte Patria,CL,2021-07-29 23:43:07,-30.6919,-70.9467,59.65,31,0,1.16
419,Racine,US,2021-07-29 23:43:08,42.7495,-88.0751,80.35,77,36,10.36
420,Bud,US,2021-07-29 23:43:08,39.447,-86.1758,85.84,81,84,10.29
421,Skibbereen,IE,2021-07-29 23:43:08,51.55,-9.2667,55.2,89,100,11.45
422,Alugan,PH,2021-07-29 23:43:09,12.2188,125.4808,84.47,71,100,5.88
423,Vanavara,RU,2021-07-29 23:43:09,60.34,102.2797,68.76,44,31,6.89
424,Hovd,MN,2021-07-29 23:38:36,48.0056,91.6419,63.77,43,8,0.38
425,Sioux Lookout,CA,2021-07-29 23:41:10,50.1001,-91.917,70.18,37,20,8.05
426,Siilinjarvi,FI,2021-07-29 23:43:10,63.0833,27.6667,62.62,94,90,4.61
427,La Peca,PE,2021-07-29 23:43:10,-5.6111,-78.435,67.86,87,54,3.85
428,Wyoming,US,2021-07-29 23:43:11,43.0002,-107.5009,86.83,26,47,10.85
429,Bethel,US,2021-07-29 23:38:40,41.3712,-73.414,72.75,90,100,1.01
430,Bereda,ES,2021-07-29 23:43:11,43.2686,-7.5406,59.92,96,1,2.01
431,Kulhudhuffushi,MV,2021-07-29 23:43:12,6.6221,73.07,82.6,73,23,11.1
432,La Ronge,CA,2021-07-29 23:40:34,55.1001,-105.2842,75.45,50,75,5.75
433,Tecoanapa,MX,2021-07-29 23:43:12,16.5167,-98.75,84.16,72,99,7.18
434,Turukhansk,RU,2021-07-29 23:43:13,65.8167,87.9833,57.9,89,100,8.12
435,Taltal,CL,2021-07-29 23:43:13,-25.4,-70.4833,62.47,54,11,5.95
436,Lewistown,US,2021-07-29 23:43:14,40.5992,-77.5714,80.01,78,1,0.0
437,Aliganj,IN,2021-07-29 23:43:14,27.5,79.1833,81.48,85,99,1.16
438,Smithers,CA,2021-07-29 23:43:14,54.7804,-127.1743,79.12,36,20,3.44
439,Moosomin,CA,2021-07-29 23:43:15,50.1333,-101.6677,85.8,22,94,5.95
440,Cap Malheureux,MU,2021-07-29 23:43:15,-19.9842,57.6142,69.48,76,44,8.99
441,Ponta Delgada,PT,2021-07-29 23:43:16,37.7333,-25.6667,70.52,88,40,5.75
442,Bourg-En-Bresse,FR,2021-07-29 23:43:16,46.1667,5.1667,67.82,89,31,1.45
443,Iquitos,PE,2021-07-29 23:43:16,-3.7481,-73.2472,71.64,83,90,5.75
444,Bindi,SL,2021-07-29 23:43:17,9.9167,-11.45,69.12,97,100,2.35
445,Hudiksvall,SE,2021-07-29 23:43:17,61.729,17.1036,56.52,95,66,7.02
446,Bingol,TR,2021-07-29 23:43:18,38.8847,40.4939,69.22,52,1,8.5
447,Onguday,RU,2021-07-29 23:43:18,50.75,86.15,53.15,90,89,0.13
448,Touros,BR,2021-07-29 23:39:29,-5.1989,-35.4608,77.9,80,88,13.29
449,Mildura,AU,2021-07-29 23:43:19,-34.2,142.15,51.76,50,90,16.11
450,Grand-Lahou,CI,2021-07-29 23:43:19,5.1367,-5.0242,74.89,88,49,6.08
451,Zhezkazgan,KZ,2021-07-29 23:43:20,47.8043,67.7144,63.88,54,1,7.58
452,Chihuahua,MX,2021-07-29 23:43:20,28.5,-106.0,74.28,66,52,11.03
453,Basar,IN,2021-07-29 23:43:21,27.9833,94.6667,72.16,100,100,1.19
454,Oussouye,SN,2021-07-29 23:43:21,12.485,-16.5469,82.49,82,100,7.14
455,Severo-Kurilsk,RU,2021-07-29 23:35:36,50.6789,156.125,60.69,93,92,4.52
456,Khandyga,RU,2021-07-29 23:43:22,62.6667,135.6,66.43,44,7,5.19
457,Broome,US,2021-07-29 23:40:04,42.2506,-75.833,74.55,91,75,1.99
458,Saurimo,AO,2021-07-29 23:43:22,-9.6608,20.3916,59.11,33,0,5.53
459,Kasama,ZM,2021-07-29 23:43:23,-10.2129,31.1808,51.19,59,0,3.56
460,San Juan,AR,2021-07-29 23:40:44,-31.5375,-68.5364,51.75,29,0,3.51
461,Daniel Flores,CR,2021-07-29 23:43:23,9.3355,-83.6694,73.08,94,79,0.22
462,San Jose,US,2021-07-29 23:41:34,37.3394,-121.895,98.96,52,75,9.22
463,Sao Borja,BR,2021-07-29 23:43:24,-28.6606,-56.0044,41.83,64,0,4.5
464,Namatanai,PG,2021-07-29 23:43:24,-3.6667,152.4333,84.06,70,50,3.76
465,Zabaykalsk,RU,2021-07-29 23:43:25,49.6333,117.3167,71.22,67,19,8.25
466,Alanya,TR,2021-07-29 23:43:25,36.5438,31.9998,84.33,36,0,9.24
467,Challans,FR,2021-07-29 23:43:25,46.8436,-1.8749,66.11,81,7,12.28
468,Vammala,FI,2021-07-29 23:43:26,61.3333,22.9,61.5,87,17,6.33
469,Goundam,ML,2021-07-29 23:43:26,16.4145,-3.6708,91.83,44,45,5.55
470,Kahului,US,2021-07-29 23:33:11,20.8947,-156.47,87.82,76,40,20.71
471,Dzhebariki-Khaya,RU,2021-07-29 23:40:16,62.2167,135.8,66.04,47,7,5.64
472,Waipawa,NZ,2021-07-29 23:43:27,-41.4122,175.5153,58.46,62,25,3.94
473,Obo,CF,2021-07-29 23:43:28,5.3998,26.4869,66.94,97,98,3.11
474,Saint-Joseph,RE,2021-07-29 23:43:28,-21.3667,55.6167,68.38,83,54,15.66
475,Pringsewu,ID,2021-07-29 23:43:28,-5.3582,104.9744,73.9,89,9,1.39
476,Verkhoyansk,RU,2021-07-29 23:43:29,67.5447,133.385,62.74,37,44,1.1
477,Irbeyskoye,RU,2021-07-29 23:43:29,55.6428,95.4522,54.72,88,43,1.95
478,Bundaberg,AU,2021-07-29 23:43:30,-24.85,152.35,71.22,49,0,5.01
479,Pangai,TO,2021-07-29 23:43:30,-19.8,-174.35,78.91,69,20,14.97
480,Cairns,AU,2021-07-29 23:43:30,-16.9167,145.7667,81.07,83,36,2.3
481,Najran,SA,2021-07-29 23:43:31,17.4924,44.1277,84.85,42,82,6.06
482,Yumen,CN,2021-07-29 23:40:07,40.2833,97.2,77.68,22,0,13.29
483,Isangel,VU,2021-07-29 23:40:41,-19.55,169.2667,80.71,74,75,5.75
484,Micheweni,TZ,2021-07-29 23:40:34,-4.9667,39.8333,74.35,76,15,13.44
485,Nikolayevka,RU,2021-07-29 23:43:32,53.1257,47.2041,63.23,95,35,6.49
486,Stratonion,GR,2021-07-29 23:43:32,40.5141,23.8247,85.05,45,1,1.72
487,Mwense,ZM,2021-07-29 23:43:33,-10.3845,28.698,61.47,46,0,7.05
488,Menomonie,US,2021-07-29 23:43:33,44.8755,-91.9193,80.62,60,44,12.66
489,Monaghan,IE,2021-07-29 23:43:33,54.25,-6.9667,58.39,93,100,4.29
490,Marang,MY,2021-07-29 23:43:34,5.2056,103.2059,76.91,82,100,3.31
491,Champerico,GT,2021-07-29 23:43:34,14.3,-91.9167,82.35,78,93,2.68
492,Lakatoro,VU,2021-07-29 23:43:35,-16.0999,167.4164,81.95,69,32,1.74
493,Alta Floresta,BR,2021-07-29 23:43:35,-9.8756,-56.0861,69.4,45,1,4.59
494,Vryburg,ZA,2021-07-29 23:43:35,-26.9566,24.7284,41.76,37,0,5.99
495,Bluefield,US,2021-07-29 23:41:18,37.2698,-81.2223,82.65,50,1,1.99
496,Indiaroba,BR,2021-07-29 23:43:36,-11.5192,-37.5117,70.5,93,3,3.56
497,Trebukhiv,UA,2021-07-29 23:43:36,50.4843,30.903,73.92,91,75,4.47
498,Rotterdam,NL,2021-07-29 23:43:37,51.9225,4.4792,61.9,79,10,10.36
499,Rudnogorsk,RU,2021-07-29 23:43:37,57.2639,103.7519,66.22,79,45,2.77
500,Togur,RU,2021-07-29 23:43:38,58.3631,82.8265,51.28,92,0,2.3
501,Hailun,CN,2021-07-29 23:43:38,47.45,126.9333,74.98,80,96,3.58
502,Coahuayana,MX,2021-07-29 23:40:43,18.7333,-103.6833,90.88,68,53,4.63
503,Stornoway,GB,2021-07-29 23:43:39,58.2093,-6.3865,58.93,94,75,1.14
504,Kilindoni,TZ,2021-07-29 23:43:39,-7.9139,39.6668,75.38,73,3,17.9
505,Batagay-Alyta,RU,2021-07-29 23:38:11,67.8006,130.4114,60.91,36,20,2.39
506,Yinchuan,CN,2021-07-29 23:43:40,38.4681,106.2731,81.34,20,0,4.5
507,Necochea,AR,2021-07-29 23:41:53,-38.5473,-58.7368,46.04,65,0,9.01
508,Badajoz,ES,2021-07-29 23:43:40,38.6667,-6.1667,80.31,37,0,5.28
509,Tilichiki,RU,2021-07-29 23:39:23,60.4667,166.1,56.43,45,15,8.75
510,Sawang Daen Din,TH,2021-07-29 23:43:41,17.4753,103.4575,82.02,98,100,5.55
511,Barentu,ER,2021-07-29 23:43:41,15.1139,37.5928,74.17,78,85,5.01
512,Moshi,TZ,2021-07-29 23:43:41,-3.35,37.3333,63.5,88,77,1.88
513,Awbari,LY,2021-07-29 23:43:42,26.5921,12.7805,82.09,17,0,8.93
514,Grand Gaube,MU,2021-07-29 23:38:51,-20.0064,57.6608,69.39,76,47,8.99
515,Mandera,KE,2021-07-29 23:40:35,3.9366,41.867,76.37,58,100,18.63
516,Tuatapere,NZ,2021-07-29 23:38:13,-46.1333,167.6833,46.81,76,100,2.66
517,Wilmington,US,2021-07-29 23:43:40,34.2257,-77.9447,85.91,79,1,11.5
518,Terrace,CA,2021-07-29 23:43:43,54.5163,-128.6035,82.31,41,75,3.44
519,Coquimbo,CL,2021-07-29 23:38:40,-29.9533,-71.3436,51.53,87,40,5.75
520,Kamenka,RU,2021-07-29 23:43:43,51.3223,42.7678,68.0,73,23,5.61
521,Capao Bonito,BR,2021-07-29 23:43:44,-24.0058,-48.3494,36.77,70,28,4.14
522,Mashhad,IR,2021-07-29 23:40:31,36.297,59.6062,71.74,68,0,4.61
523,Nikolayevsk-Na-Amure,RU,2021-07-29 23:43:44,53.1406,140.73,61.16,97,100,4.97
524,Oshogbo,NG,2021-07-29 23:43:45,7.7667,4.5667,70.45,95,94,3.18
525,Burnie,AU,2021-07-29 23:43:45,-41.0667,145.9167,52.48,77,39,16.42
526,Karasjok,NO,2021-07-29 23:43:45,69.4719,25.5112,44.71,86,100,5.1
527,Ponta Do Sol,PT,2021-07-29 23:38:10,32.6667,-17.1,72.23,77,13,6.87
528,Lakes Entrance,AU,2021-07-29 23:43:46,-37.8811,147.981,54.57,49,0,9.86
529,Ust-Omchug,RU,2021-07-29 23:43:46,61.15,149.6333,44.89,58,45,11.79
530,Moron,AR,2021-07-29 23:43:47,-34.6534,-58.6198,51.98,59,0,1.01
531,Olinda,BR,2021-07-29 23:43:47,-8.0089,-34.8553,76.73,73,75,6.91
532,Matara,LK,2021-07-29 23:43:48,5.9485,80.5353,78.6,88,68,11.27
533,Susanville,US,2021-07-29 23:43:48,40.4163,-120.653,93.04,13,1,20.71
534,Boma,GH,2021-07-29 23:43:48,7.0805,-2.1697,70.97,92,73,2.48
535,Avera,US,2021-07-29 23:43:49,33.194,-82.5271,95.72,56,4,6.08
536,Tulsipur,NP,2021-07-29 23:43:49,28.131,82.2973,72.07,91,88,3.53
537,Brooks,CA,2021-07-29 23:43:50,50.5834,-111.8851,93.18,25,70,6.91
538,Fairbanks,US,2021-07-29 23:38:18,64.8378,-147.7164,70.09,61,90,1.99
539,Yatou,CN,2021-07-29 23:43:50,37.15,122.3833,79.25,81,50,19.89
540,Lazarev,RU,2021-07-29 23:43:51,52.225,141.5131,60.89,99,100,8.95
541,Karlovo,BG,2021-07-29 23:37:48,42.6333,24.8,81.14,33,19,0.4
542,Vikindu,TZ,2021-07-29 23:43:51,-7.0067,39.2985,68.13,85,11,7.09
543,Palana,RU,2021-07-29 23:43:52,59.1167,159.9667,47.68,72,41,13.78
544,Byron Bay,AU,2021-07-29 23:40:24,-28.65,153.6167,69.06,54,0,6.78
545,Niort,FR,2021-07-29 23:43:52,46.3333,-0.3333,65.39,79,1,4.81
546,Palmer,US,2021-07-29 23:38:33,42.1584,-72.3287,71.31,79,100,5.99
547,Mahajanga,MG,2021-07-29 23:43:53,-15.7167,46.3167,73.42,60,20,6.91
548,Tyup,KG,2021-07-29 23:43:53,42.7276,78.3648,59.32,92,100,3.89
549,Vardo,NO,2021-07-29 23:39:16,70.3705,31.1107,45.19,87,100,3.47
550,Luanda,AO,2021-07-29 23:40:46,-8.8368,13.2343,69.22,90,7,6.4
551,Haines Junction,CA,2021-07-29 23:40:32,60.7522,-137.5108,67.95,45,17,6.91
552,Griffith,US,2021-07-29 23:43:54,41.5284,-87.4237,82.29,79,40,4.0
553,Streator,US,2021-07-29 23:43:55,41.1209,-88.8354,86.13,85,27,7.76
554,El Salto,MX,2021-07-29 23:43:55,20.3333,-104.5,70.83,79,68,3.94
555,Xunchang,CN,2021-07-29 23:43:56,28.4543,104.715,78.58,78,29,3.49
556,Pirapo,PY,2021-07-29 23:43:56,-26.85,-55.5333,39.88,67,0,1.92
557,Assiniboia,CA,2021-07-29 23:43:56,49.6334,-105.9845,80.51,29,84,10.36
558,Lancaster,US,2021-07-29 23:42:02,40.2504,-76.2499,78.55,92,100,4.97
559,Shingu,JP,2021-07-29 23:38:31,33.7333,135.9833,81.59,58,0,2.89
560,Touba,CI,2021-07-29 23:43:57,8.2833,-7.6833,67.51,93,81,3.4
561,Gafanha Da Encarnacao,PT,2021-07-29 23:43:58,40.6181,-8.733,63.28,62,2,1.01
562,Bireun,ID,2021-07-29 23:43:58,5.203,96.7009,79.48,68,100,2.8
563,Bacolod,PH,2021-07-29 23:41:18,10.6667,122.95,82.02,82,98,10.4
564,Kapit,MY,2021-07-29 23:43:59,2.0167,112.9333,74.93,98,100,2.01
565,Slonim,BY,2021-07-29 23:43:59,53.0867,25.3219,63.86,78,56,6.55
566,Victoria,HK,2021-07-29 23:38:17,22.2855,114.1577,83.32,91,100,1.99
567,Mangan,IN,2021-07-29 23:44:00,27.5167,88.5333,76.17,90,100,0.78
568,Lityn,UA,2021-07-29 23:44:00,49.3251,28.0809,63.75,93,1,7.23
569,Novi Sanzhary,UA,2021-07-29 23:44:00,49.3439,34.3108,67.06,92,35,6.71
